BrandKey,ActualSales
3521,1547303575.22958
1713,35515032.41306
2435,4169460.7597
2146,1107960.43988
2968,889871.05816
476,295.288
701,244.87812
1975,187.1915
2619,67.28348
2794,49.566199999999995
2445,47.457
145,37.4383
520,17.50636
2174,0.0
2563,0.0
2142,0.0
132,0.0
3235,0.0
3255,0.0
3462,0.0
1219,0.0
1883,0.0
3170,0.0
2904,0.0
