BrandKey,ActualSales
3521,773651787.61479
1713,17757516.20653
2435,2084730.3798500001
2146,553980.21994
2968,444935.52908
476,147.644
701,122.43906
1975,93.59575
2619,33.64174
2794,24.7831
2445,23.7285
145,18.71915
520,8.75318
3170,0.0
3462,0.0
3255,0.0
3235,0.0
2904,0.0
2174,0.0
2142,0.0
1219,0.0
1883,0.0
2563,0.0
132,0.0
