ProductKey,ActualSales
78907,22892461.42068
78906,18846587.23124
78912,13690430.26726
78911,12636960.27116
78905,11366817.74844
78910,9207632.02856
89815,7054514.26616
78909,6677938.6473
72582,5572165.447819999
72581,4492160.76658
78908,4439554.893
72579,4112590.4001
89699,3403483.1604
78914,2917491.73694
78913,2243729.20532
89814,1232895.84354
89813,1162450.2508999999
47075,0.0
41526,0.0
41525,0.0
20827,0.0
49663,0.0
48595,0.0
48728,0.0
