ProductKey,ActualSales
36484,894600.4118600001
65856,498510.31640999997
36489,441128.05397
25136,440631.02099
62010,361233.56171000004
36488,298871.58353
54153,9499.3095
43822,24.7831
48913,0.0
