ProductKey,ActualSales
36484,1789200.82372
65856,997020.6328199999
36489,882256.10794
25136,881262.04198
62010,722467.1234200001
36488,597743.16706
54153,18998.619
43822,49.566199999999995
48913,0.0
