,ProductCategory_Lvl2,ActualSales
2,AC,335678706.59006
1,AB,236080668.31384
0,AA,153814617.517
4,AE,65974931.7927
3,AD,2944499.0410700003
