ProductCategory_Lvl2,ActualSales
AC,335678706.59006
AB,236080668.31384
AA,153814617.517
AE,65974931.7927
AD,2944499.0410700003
