ProductCategory_Lvl2,ActualSales
AA,153814617.517
AB,236080668.31384
AC,335678706.59006
AD,2944499.0410700003
AE,65974931.7927
