ProductCategory_Lvl2,ActualSales
AC,671357413.18012
AB,472161336.62768
AA,307629235.034
AE,131949863.58540002
AD,5888998.082140001
