Region_Lvl1,ActualSales
A,1221302013.65016
B,314482337.67922
Online,53202495.17996
