,Region_Lvl1,ActualSales
0,A,610651006.82508
1,B,157241168.83961
2,Online,26601247.58998
