Region_Lvl1,ActualSales
A,610651006.82508
B,157241168.83961
Online,26601247.58998
